{
  "grid": {
    "balloon_mushroom_planks [default: true]": true,
    "balloon_mushroom_stairs [default: true]": true,
    "balloon_mushroom_slab [default: true]": true,
    "balloon_mushroom_fence [default: true]": true,
    "balloon_mushroom_gate [default: true]": true,
    "balloon_mushroom_button [default: true]": true,
    "balloon_mushroom_pressure_plate [default: true]": true,
    "balloon_mushroom_trapdoor [default: true]": true,
    "balloon_mushroom_door [default: true]": true,
    "balloon_mushroom_crafting_table [default: true]": true,
    "balloon_mushroom_ladder [default: true]": true,
    "balloon_mushroom_sign [default: true]": true,
    "balloon_mushroom_chest [default: true]": true,
    "balloon_mushroom_barrel [default: true]": true,
    "balloon_mushroom_bookshelf [default: true]": true,
    "balloon_mushroom_bark [default: true]": true,
    "balloon_mushroom_log [default: true]": true,
    "balloon_mushroom_stripped_bark [default: true]": true,
    "balloon_mushroom_stripped_log [default: true]": true,
    "balloon_mushroom_composter [default: true]": true,
    "pulse_tree_planks [default: true]": true,
    "pulse_tree_stairs [default: true]": true,
    "pulse_tree_slab [default: true]": true,
    "pulse_tree_fence [default: true]": true,
    "pulse_tree_gate [default: true]": true,
    "pulse_tree_button [default: true]": true,
    "pulse_tree_pressure_plate [default: true]": true,
    "pulse_tree_trapdoor [default: true]": true,
    "pulse_tree_door [default: true]": true,
    "pulse_tree_crafting_table [default: true]": true,
    "pulse_tree_ladder [default: true]": true,
    "pulse_tree_sign [default: true]": true,
    "pulse_tree_chest [default: true]": true,
    "pulse_tree_barrel [default: true]": true,
    "pulse_tree_bookshelf [default: true]": true,
    "pulse_tree_bark [default: true]": true,
    "pulse_tree_log [default: true]": true,
    "pulse_tree_stripped_bark [default: true]": true,
    "pulse_tree_stripped_log [default: true]": true,
    "pulse_tree_composter [default: true]": true,
    "brain_tree_planks [default: true]": true,
    "brain_tree_stairs [default: true]": true,
    "brain_tree_slab [default: true]": true,
    "brain_tree_fence [default: true]": true,
    "brain_tree_gate [default: true]": true,
    "brain_tree_button [default: true]": true,
    "brain_tree_pressure_plate [default: true]": true,
    "brain_tree_trapdoor [default: true]": true,
    "brain_tree_door [default: true]": true,
    "brain_tree_crafting_table [default: true]": true,
    "brain_tree_ladder [default: true]": true,
    "brain_tree_sign [default: true]": true,
    "brain_tree_chest [default: true]": true,
    "brain_tree_barrel [default: true]": true,
    "brain_tree_bookshelf [default: true]": true,
    "brain_tree_bark [default: true]": true,
    "brain_tree_log [default: true]": true,
    "brain_tree_stripped_bark [default: true]": true,
    "brain_tree_stripped_log [default: true]": true,
    "brain_tree_composter [default: true]": true,
    "gravilite_block [default: true]": true,
    "gravilite_shards [default: true]": true,
    "gravilite_lamp [default: true]": true,
    "gravilite_lantern_tall [default: true]": true,
    "gravilite_lantern [default: true]": true,
    "baloon_mushroom_block [default: true]": true,
    "balloon_mushroom_branch [default: true]": true,
    "balloon_mushroom_stem [default: true]": true,
    "balloon_mushroom_stem_block [default: true]": true,
    "pulse_tree_block [default: true]": true,
    "yellow_dye [default: true]": true,
    "magenta_dye [default: true]": true,
    "gravity_compressor [default: true]": true,
    "limphium_paper [default: true]": true,
    "limphium_painting [default: true]": true,
    "copper_framed_brain_tree_log [default: true]": true,
    "iron_framed_brain_tree_log [default: true]": true,
    "gold_framed_brain_tree_log [default: true]": true,
    "mycotic_lantern_white [default: true]": true,
    "mycotic_lantern_orange [default: true]": true,
    "mycotic_lantern_magenta [default: true]": true,
    "mycotic_lantern_light_blue [default: true]": true,
    "mycotic_lantern_yellow [default: true]": true,
    "mycotic_lantern_lime [default: true]": true,
    "mycotic_lantern_pink [default: true]": true,
    "mycotic_lantern_gray [default: true]": true,
    "mycotic_lantern_light_gray [default: true]": true,
    "mycotic_lantern_cyan [default: true]": true,
    "mycotic_lantern_purple [default: true]": true,
    "mycotic_lantern_blue [default: true]": true,
    "mycotic_lantern_brown [default: true]": true,
    "mycotic_lantern_green [default: true]": true,
    "mycotic_lantern_red [default: true]": true,
    "mycotic_lantern_black [default: true]": true,
    "balloon_mushroom_sporocarp_white [default: true]": true,
    "balloon_mushroom_sporocarp_orange [default: true]": true,
    "balloon_mushroom_sporocarp_magenta [default: true]": true,
    "balloon_mushroom_sporocarp_light_blue [default: true]": true,
    "balloon_mushroom_sporocarp_yellow [default: true]": true,
    "balloon_mushroom_sporocarp_lime [default: true]": true,
    "balloon_mushroom_sporocarp_pink [default: true]": true,
    "balloon_mushroom_sporocarp_gray [default: true]": true,
    "balloon_mushroom_sporocarp_light_gray [default: true]": true,
    "balloon_mushroom_sporocarp_cyan [default: true]": true,
    "balloon_mushroom_sporocarp_purple [default: true]": true,
    "balloon_mushroom_sporocarp_blue [default: true]": true,
    "balloon_mushroom_sporocarp_brown [default: true]": true,
    "balloon_mushroom_sporocarp_green [default: true]": true,
    "balloon_mushroom_sporocarp_red [default: true]": true,
    "balloon_mushroom_sporocarp_black [default: true]": true
  },
  "furnace": {
    "slime_ball [default: true]": true,
    "limphium_leaf [default: true]": true
  }
}